Timestamp,True_Label,AI_Prediction,Confidence
2025-12-26 09:43:04,Normal,Normal,0.4079
2025-12-26 09:43:04,Normal,Normal,0.3961
2025-12-26 09:43:04,Normal,Normal,0.4079
2025-12-26 09:43:04,Normal,Normal,0.3979
2025-12-26 09:43:04,Normal,Normal,0.3924
2025-12-26 09:43:04,Normal,Normal,0.4072
2025-12-26 09:43:05,Normal,Normal,0.4020
2025-12-26 09:43:05,Normal,Normal,0.4054
2025-12-26 09:43:05,Normal,Normal,0.4072
2025-12-26 09:43:05,Normal,Normal,0.4074
2025-12-26 09:43:05,Normal,Normal,0.3928
2025-12-26 09:43:06,Normal,Normal,0.4075
2025-12-26 09:43:06,Normal,Normal,0.4020
2025-12-26 09:43:06,Normal,Normal,0.3971
2025-12-26 09:43:06,Normal,Normal,0.4039
2025-12-26 09:43:06,Normal,Normal,0.3958
2025-12-26 09:43:06,Normal,Normal,0.3961
2025-12-26 09:43:07,Normal,Normal,0.4066
2025-12-26 09:43:07,Normal,Normal,0.4078
2025-12-26 09:43:07,Normal,Normal,0.4078
2025-12-26 09:43:07,Normal,Normal,0.3958
2025-12-26 09:43:08,Normal,Normal,0.3901
2025-12-26 09:43:08,Normal,Normal,0.4075
2025-12-26 09:43:08,Normal,Normal,0.4078
2025-12-26 09:43:08,Normal,Normal,0.4071
2025-12-26 09:43:08,Normal,Normal,0.4065
2025-12-26 09:43:09,Normal,Normal,0.3938
2025-12-26 09:43:09,Normal,Normal,0.4066
2025-12-26 09:43:09,Normal,Normal,0.3979
2025-12-26 09:43:09,Normal,Normal,0.4066
2025-12-26 09:43:09,Normal,Normal,0.4045
2025-12-26 09:43:10,Normal,Normal,0.4066
2025-12-26 09:43:10,Normal,Normal,0.3941
2025-12-26 09:43:10,Normal,Normal,0.4020
2025-12-26 09:43:10,Normal,Normal,0.4040
2025-12-26 09:43:10,Normal,Normal,0.3775
2025-12-26 09:43:10,Normal,Normal,0.4046
2025-12-26 09:43:11,Normal,Normal,0.4072
2025-12-26 09:43:11,Normal,Normal,0.4020
2025-12-26 09:43:11,Normal,Normal,0.3958
2025-12-26 09:43:12,Normal,Normal,0.4066
2025-12-26 09:43:12,Normal,Normal,0.3953
2025-12-26 09:43:12,Normal,Normal,0.3971
2025-12-26 09:43:12,Normal,Normal,0.4077
2025-12-26 09:43:12,Normal,Normal,0.3942
2025-12-26 09:43:13,Normal,Normal,0.4074
2025-12-26 09:43:13,Normal,Normal,0.4078
2025-12-26 09:43:13,Normal,Normal,0.4068
2025-12-26 09:43:13,Normal,Normal,0.4068
2025-12-26 09:43:13,Normal,Normal,0.4073
2025-12-26 09:43:14,Normal,Normal,0.4067
2025-12-26 09:43:14,Normal,Normal,0.4079
2025-12-26 09:43:14,Normal,Normal,0.4054
2025-12-26 09:43:14,Normal,Normal,0.3949
2025-12-26 09:43:14,Normal,Normal,0.4079
2025-12-26 09:43:15,Normal,Normal,0.3957
2025-12-26 09:43:15,Normal,Normal,0.4020
2025-12-26 09:43:15,Normal,Normal,0.3968
2025-12-26 09:43:15,Normal,Normal,0.3958
2025-12-26 09:43:15,Normal,Normal,0.4077
2025-12-26 09:43:16,Normal,Normal,0.4045
2025-12-26 09:43:16,Normal,Normal,0.4045
2025-12-26 09:43:16,Normal,Normal,0.3958
2025-12-26 09:43:16,Normal,Normal,0.3958
2025-12-26 09:43:16,Normal,Normal,0.3985
2025-12-26 09:43:17,Normal,Normal,0.3981
2025-12-26 09:43:17,Normal,Normal,0.3958
2025-12-26 09:43:17,Normal,Normal,0.3958
2025-12-26 09:43:17,Normal,Normal,0.4071
2025-12-26 09:43:17,Normal,Normal,0.4072
2025-12-26 09:43:18,Normal,Normal,0.3953
2025-12-26 09:43:18,Normal,Normal,0.3971
2025-12-26 09:43:18,Normal,Normal,0.4067
2025-12-26 09:43:18,Normal,Normal,0.3958
2025-12-26 09:43:19,Normal,Normal,0.4079
2025-12-26 09:43:19,Normal,Normal,0.4066
2025-12-26 09:43:19,Normal,Normal,0.3933
2025-12-26 09:43:19,Normal,Normal,0.3775
2025-12-26 09:43:19,Normal,Normal,0.4072
2025-12-26 09:43:20,Normal,Normal,0.4075
2025-12-26 09:43:20,Normal,Normal,0.3941
2025-12-26 09:43:20,Normal,Normal,0.3925
2025-12-26 09:43:20,Normal,Normal,0.4045
2025-12-26 09:43:20,Normal,Normal,0.3961
2025-12-26 09:43:21,Normal,Normal,0.3966
2025-12-26 09:43:21,Normal,Normal,0.3961
2025-12-26 09:43:21,Normal,Normal,0.3958
2025-12-26 09:43:21,Normal,Normal,0.3966
2025-12-26 09:43:21,Normal,Normal,0.4066
2025-12-26 09:43:21,Normal,Normal,0.3942
2025-12-26 09:43:22,Normal,Normal,0.4066
2025-12-26 09:43:22,Normal,Normal,0.4074
2025-12-26 09:43:22,Normal,Normal,0.4020
2025-12-26 09:43:23,Normal,Normal,0.4079
2025-12-26 09:43:23,Normal,Normal,0.3957
2025-12-26 09:43:23,Normal,Normal,0.3989
2025-12-26 09:43:23,Normal,Normal,0.3958
2025-12-26 09:43:23,Normal,Normal,0.3958
2025-12-26 09:43:24,Normal,Normal,0.4075
2025-12-26 09:43:24,Normal,Normal,0.3966
2025-12-26 09:43:24,Normal,Normal,0.4020
2025-12-26 09:43:24,Normal,Normal,0.4066
2025-12-26 09:43:24,Normal,Normal,0.3924
2025-12-26 09:43:25,Normal,Normal,0.4020
2025-12-26 09:43:25,Normal,Normal,0.4020
2025-12-26 09:43:25,Normal,Normal,0.3958
2025-12-26 09:43:25,Normal,Normal,0.4020
2025-12-26 09:43:25,Normal,Normal,0.4077
2025-12-26 09:43:25,Normal,Normal,0.3977
2025-12-26 09:43:26,Normal,Normal,0.3853
2025-12-26 09:43:26,Normal,Normal,0.4079
2025-12-26 09:43:26,Normal,Normal,0.3989
2025-12-26 09:43:26,Normal,Normal,0.4066
2025-12-26 09:43:26,Normal,Normal,0.3957
2025-12-26 09:43:27,Normal,Normal,0.3961
2025-12-26 09:43:27,Normal,Normal,0.4068
2025-12-26 09:43:27,Normal,Normal,0.4077
2025-12-26 09:43:28,Normal,Normal,0.3902
2025-12-26 09:43:28,Normal,Normal,0.4078
2025-12-26 09:43:28,Normal,Normal,0.3989
2025-12-26 09:43:28,Normal,Normal,0.4068
2025-12-26 09:43:28,Normal,Normal,0.4068
2025-12-26 09:43:28,Normal,Normal,0.4075
2025-12-26 09:43:29,Normal,Normal,0.4086
2025-12-26 09:43:29,Normal,Normal,0.3780
2025-12-26 09:43:29,Normal,Normal,0.3953
2025-12-26 09:43:29,Normal,Normal,0.4046
2025-12-26 09:43:29,Normal,Normal,0.4079
2025-12-26 09:43:30,Normal,Normal,0.4066
2025-12-26 09:43:30,Normal,Normal,0.4074
2025-12-26 09:43:30,Normal,Normal,0.3957
2025-12-26 09:43:31,Normal,Normal,0.4066
2025-12-26 09:43:31,Normal,Normal,0.3977
2025-12-26 09:43:31,Normal,Normal,0.4066
2025-12-26 09:43:31,Normal,Normal,0.3928
2025-12-26 09:43:31,Normal,Normal,0.4075
2025-12-26 09:43:31,Normal,Normal,0.4074
2025-12-26 09:43:32,Normal,Normal,0.3901
2025-12-26 09:43:32,Normal,Normal,0.4038
2025-12-26 09:43:32,Normal,Normal,0.4045
2025-12-26 09:43:32,Normal,Normal,0.4074
2025-12-26 09:43:32,Normal,Normal,0.4075
2025-12-26 09:43:33,Normal,Normal,0.4046
2025-12-26 09:43:33,Normal,Normal,0.4020
2025-12-26 09:43:33,Normal,Normal,0.3985
2025-12-26 09:43:33,Normal,Normal,0.4045
2025-12-26 09:43:33,Normal,Normal,0.4074
2025-12-26 09:43:33,Normal,Normal,0.4078
2025-12-26 09:43:34,Normal,Normal,0.3865
2025-12-26 09:43:34,Normal,Normal,0.4078
2025-12-26 09:43:34,Normal,Normal,0.4078
2025-12-26 09:43:34,Normal,Normal,0.3958
2025-12-26 09:43:35,Normal,Normal,0.4078
2025-12-26 09:43:35,Normal,Normal,0.3928
2025-12-26 09:43:35,Normal,Normal,0.4074
2025-12-26 09:43:35,Normal,Normal,0.4077
2025-12-26 09:43:35,Normal,Normal,0.4072
2025-12-26 09:43:36,Normal,Normal,0.4066
2025-12-26 09:43:36,Normal,Normal,0.3958
2025-12-26 09:43:36,Normal,Normal,0.4045
2025-12-26 09:43:36,Normal,Normal,0.4066
2025-12-26 09:43:37,Normal,Normal,0.4078
2025-12-26 09:43:37,Normal,Normal,0.3933
2025-12-26 09:43:37,Normal,Normal,0.3966
2025-12-26 09:43:37,Normal,Normal,0.3977
2025-12-26 09:43:37,Normal,Normal,0.4079
2025-12-26 09:43:38,Normal,Normal,0.4039
2025-12-26 09:43:38,Normal,Normal,0.3970
2025-12-26 09:43:38,Normal,Normal,0.4079
2025-12-26 09:43:38,Normal,Normal,0.4063
2025-12-26 09:43:38,Normal,Normal,0.4039
2025-12-26 09:43:39,Normal,Normal,0.3961
2025-12-26 09:43:39,Normal,Normal,0.4039
2025-12-26 09:43:39,Normal,Normal,0.4067
2025-12-26 09:43:39,Normal,Normal,0.3961
2025-12-26 09:43:39,Normal,Normal,0.4075
2025-12-26 09:43:40,Normal,Normal,0.3901
2025-12-26 09:43:40,Normal,Normal,0.4075
2025-12-26 09:43:40,Normal,Normal,0.3957
2025-12-26 09:43:40,Normal,Normal,0.3902
2025-12-26 09:43:40,Normal,Normal,0.4075
2025-12-26 09:43:40,Normal,Normal,0.3939
2025-12-26 09:43:41,Normal,Normal,0.3908
2025-12-26 09:43:41,Normal,Normal,0.4072
2025-12-26 09:43:41,Normal,Normal,0.3957
2025-12-26 09:43:42,Replay,Normal,0.3961
2025-12-26 09:43:42,Replay,Normal,0.4068
2025-12-26 09:43:42,Replay,Normal,0.4041
2025-12-26 09:43:42,Replay,Normal,0.4066
2025-12-26 09:43:42,Replay,Normal,0.4020
2025-12-26 09:43:43,Replay,Normal,0.4020
2025-12-26 09:43:43,Replay,Normal,0.4075
2025-12-26 09:43:43,Replay,Normal,0.3853
2025-12-26 09:43:43,Replay,Normal,0.4071
2025-12-26 09:43:43,Replay,Normal,0.4078
2025-12-26 09:43:43,Replay,Normal,0.3958
2025-12-26 09:43:44,Replay,Normal,0.3942
2025-12-26 09:43:44,Replay,Normal,0.4056
2025-12-26 09:43:44,Replay,Normal,0.4077
2025-12-26 09:43:45,Replay,Normal,0.4066
2025-12-26 09:43:45,Replay,Normal,0.4075
2025-12-26 09:43:45,Replay,Normal,0.3901
2025-12-26 09:43:45,Replay,Normal,0.4068
2025-12-26 09:43:45,Replay,Normal,0.4072
2025-12-26 09:43:45,Replay,Normal,0.4046
2025-12-26 09:43:46,Replay,Normal,0.4079
2025-12-26 09:43:46,Replay,Normal,0.4079
2025-12-26 09:43:46,Replay,Normal,0.4039
2025-12-26 09:43:46,Replay,Normal,0.3958
2025-12-26 09:43:46,Replay,Normal,0.4073
2025-12-26 09:43:47,Replay,Normal,0.3939
2025-12-26 09:43:47,Replay,Normal,0.4079
2025-12-26 09:43:47,Replay,Normal,0.3870
2025-12-26 09:43:47,Replay,Normal,0.4079
2025-12-26 09:43:47,Replay,Normal,0.4066
2025-12-26 09:43:47,Replay,Normal,0.4020
2025-12-26 09:43:48,Replay,Normal,0.3942
2025-12-26 09:43:48,Replay,Normal,0.3908
2025-12-26 09:43:48,Replay,Normal,0.4066
2025-12-26 09:43:48,Replay,Normal,0.4066
2025-12-26 09:43:49,Replay,Normal,0.3958
2025-12-26 09:43:49,Replay,Normal,0.4074
2025-12-26 09:43:49,Replay,Normal,0.4078
2025-12-26 09:43:49,Replay,Normal,0.3954
2025-12-26 09:43:49,Replay,Normal,0.3958
2025-12-26 09:43:50,Replay,Normal,0.3958
2025-12-26 09:43:50,Replay,Normal,0.3958
2025-12-26 09:43:50,Replay,Normal,0.4073
2025-12-26 09:43:51,Replay,Normal,0.3957
2025-12-26 09:43:51,Replay,Normal,0.4075
2025-12-26 09:43:51,Replay,Normal,0.4066
2025-12-26 09:43:51,Replay,Normal,0.4075
2025-12-26 09:43:51,Replay,Normal,0.4074
2025-12-26 09:43:51,Replay,Normal,0.3978
2025-12-26 09:43:52,Replay,Normal,0.3780
2025-12-26 09:43:52,Replay,Normal,0.3928
2025-12-26 09:43:52,Replay,Normal,0.3928
2025-12-26 09:43:52,Replay,Normal,0.3891
2025-12-26 09:43:52,Replay,Normal,0.4066
2025-12-26 09:43:53,Replay,Normal,0.4079
2025-12-26 09:43:53,Replay,Normal,0.4066
2025-12-26 09:43:53,Replay,Normal,0.4078
2025-12-26 09:43:53,Replay,Normal,0.4074
2025-12-26 09:43:54,Replay,Normal,0.4041
2025-12-26 09:43:54,Replay,Normal,0.4073
2025-12-26 09:43:54,Replay,Normal,0.4074
2025-12-26 09:43:54,Replay,Normal,0.3958
2025-12-26 09:43:54,Replay,Normal,0.4072
2025-12-26 09:43:54,Replay,Normal,0.3961
2025-12-26 09:43:55,Replay,Normal,0.4078
2025-12-26 09:43:55,Replay,Normal,0.4020
2025-12-26 09:43:55,Replay,Normal,0.4020
2025-12-26 09:43:55,Replay,Normal,0.4078
2025-12-26 09:43:56,Replay,Normal,0.3958
2025-12-26 09:43:56,Replay,Normal,0.4072
2025-12-26 09:43:56,Replay,Normal,0.3958
2025-12-26 09:43:56,Replay,Normal,0.4074
2025-12-26 09:43:56,Replay,Normal,0.3958
2025-12-26 09:43:56,Replay,Normal,0.4020
2025-12-26 09:43:57,Replay,Normal,0.4075
2025-12-26 09:43:57,Replay,Normal,0.3970
2025-12-26 09:43:57,Replay,Normal,0.4067
2025-12-26 09:43:57,Replay,Normal,0.4074
2025-12-26 09:43:58,Replay,Normal,0.4086
2025-12-26 09:43:58,Replay,Normal,0.3853
2025-12-26 09:43:58,Replay,Normal,0.4066
2025-12-26 09:43:58,Replay,Normal,0.3780
2025-12-26 09:43:58,Replay,Normal,0.4066
2025-12-26 09:43:58,Replay,Normal,0.4066
2025-12-26 09:43:59,Replay,Normal,0.4074
2025-12-26 09:43:59,Replay,Normal,0.3908
2025-12-26 09:43:59,Replay,Normal,0.4073
2025-12-26 09:44:00,Replay,Normal,0.3901
2025-12-26 09:44:00,Replay,Normal,0.3958
2025-12-26 09:44:00,Replay,Normal,0.3957
2025-12-26 09:44:00,Replay,Normal,0.4039
2025-12-26 09:44:00,Replay,Normal,0.4075
2025-12-26 09:44:00,Replay,Normal,0.4066
2025-12-26 09:44:01,Replay,Normal,0.4074
2025-12-26 09:44:01,Replay,Normal,0.4020
2025-12-26 09:44:01,Replay,Normal,0.3966
2025-12-26 09:44:01,Replay,Normal,0.3958
2025-12-26 09:44:01,Replay,Normal,0.3966
2025-12-26 09:44:02,Replay,Normal,0.4020
2025-12-26 09:44:02,Replay,Normal,0.4074
2025-12-26 09:44:02,Replay,Normal,0.4079
2025-12-26 09:44:02,Replay,Normal,0.4020
2025-12-26 09:44:03,Replay,Normal,0.4068
2025-12-26 09:44:03,Replay,Normal,0.3971
2025-12-26 09:44:03,Replay,Normal,0.3983
2025-12-26 09:44:03,Replay,Normal,0.3957
2025-12-26 09:44:03,Replay,Normal,0.4066
2025-12-26 09:44:04,Replay,Normal,0.3908
2025-12-26 09:44:04,Replay,Normal,0.3958
2025-12-26 09:44:04,Replay,Normal,0.3872
2025-12-26 09:44:04,Replay,Normal,0.3958
2025-12-26 09:44:04,Replay,Normal,0.4074
2025-12-26 09:44:04,Replay,Normal,0.4072
2025-12-26 09:44:05,Replay,Normal,0.4078
2025-12-26 09:44:05,Replay,Normal,0.3958
2025-12-26 09:44:05,Replay,Normal,0.4075
2025-12-26 09:44:06,Replay,Normal,0.4020
2025-12-26 09:44:06,Replay,Normal,0.3958
2025-12-26 09:44:06,Replay,Normal,0.4066
2025-12-26 09:44:06,Replay,Normal,0.4078
2025-12-26 09:44:06,Replay,Normal,0.3958
2025-12-26 09:44:06,Replay,Normal,0.4020
2025-12-26 09:44:07,Replay,Normal,0.4068
2025-12-26 09:44:07,Replay,Normal,0.4020
2025-12-26 09:44:07,Replay,Normal,0.3958
2025-12-26 09:44:07,Replay,Normal,0.3901
2025-12-26 09:44:08,Replay,Normal,0.3775
2025-12-26 09:44:08,Replay,Normal,0.3966
2025-12-26 09:44:08,Replay,Normal,0.3989
2025-12-26 09:44:08,Replay,Normal,0.3924
2025-12-26 09:44:08,Replay,Normal,0.3908
2025-12-26 09:44:08,Replay,Normal,0.4075
2025-12-26 09:44:09,Replay,Normal,0.3925
2025-12-26 09:44:09,Replay,Normal,0.4075
2025-12-26 09:49:22,Normal,Normal,0.3977
2025-12-26 09:49:22,Normal,Normal,0.3953
2025-12-26 09:49:22,Normal,Normal,0.4066
2025-12-26 09:49:22,Normal,Normal,0.4046
2025-12-26 09:49:22,Normal,Normal,0.3901
2025-12-26 09:49:23,Normal,Normal,0.3977
2025-12-26 09:49:23,Normal,Normal,0.4079
2025-12-26 09:49:23,Normal,Normal,0.3884
2025-12-26 09:49:23,Normal,Normal,0.3958
2025-12-26 09:49:23,Normal,Normal,0.3942
2025-12-26 09:49:24,Normal,Normal,0.4056
2025-12-26 09:49:24,Normal,Normal,0.4066
2025-12-26 09:49:24,Normal,Normal,0.3853
2025-12-26 09:49:24,Normal,Normal,0.4085
2025-12-26 09:49:25,Normal,Normal,0.4066
2025-12-26 09:49:25,Normal,Normal,0.4042
2025-12-26 09:49:25,Normal,Normal,0.3958
2025-12-26 09:49:25,Normal,Normal,0.3908
2025-12-26 09:49:25,Normal,Normal,0.4078
2025-12-26 09:49:25,Normal,Normal,0.3958
2025-12-26 09:49:26,Normal,Normal,0.3958
2025-12-26 09:49:26,Normal,Normal,0.4045
2025-12-26 09:49:26,Normal,Normal,0.3958
2025-12-26 09:49:26,Normal,Normal,0.4079
2025-12-26 09:49:27,Normal,Normal,0.3870
2025-12-26 09:49:27,Normal,Normal,0.4060
2025-12-26 09:49:27,Normal,Normal,0.3908
2025-12-26 09:49:27,Normal,Normal,0.4086
2025-12-26 09:49:27,Normal,Normal,0.4075
2025-12-26 09:49:27,Normal,Normal,0.3933
2025-12-26 09:49:28,Normal,Normal,0.3901
2025-12-26 09:49:28,Normal,Normal,0.3958
2025-12-26 09:49:28,Normal,Normal,0.4039
2025-12-26 09:49:28,Normal,Normal,0.4079
2025-12-26 09:49:29,Normal,Normal,0.4066
2025-12-26 09:49:29,Normal,Normal,0.3928
2025-12-26 09:49:29,Normal,Normal,0.4077
2025-12-26 09:49:29,Normal,Normal,0.4066
2025-12-26 09:49:30,Normal,Normal,0.3971
2025-12-26 09:49:30,Normal,Normal,0.4020
2025-12-26 09:49:30,Normal,Normal,0.3957
2025-12-26 09:49:30,Normal,Normal,0.3966
2025-12-26 09:49:30,Normal,Normal,0.4066
2025-12-26 09:49:30,Normal,Normal,0.3966
2025-12-26 09:49:31,Normal,Normal,0.4074
2025-12-26 09:49:31,Normal,Normal,0.3966
2025-12-26 09:49:31,Normal,Normal,0.4072
2025-12-26 09:49:31,Normal,Normal,0.4020
2025-12-26 09:49:32,Normal,Normal,0.4020
2025-12-26 09:49:32,Normal,Normal,0.3941
2025-12-26 09:49:32,Normal,Normal,0.3865
2025-12-26 09:49:32,Normal,Normal,0.3928
2025-12-26 09:49:32,Normal,Normal,0.4079
2025-12-26 09:49:32,Normal,Normal,0.3908
2025-12-26 09:49:33,Normal,Normal,0.3958
2025-12-26 09:49:33,Normal,Normal,0.4066
2025-12-26 09:49:33,Normal,Normal,0.4068
2025-12-26 09:49:33,Normal,Normal,0.4066
2025-12-26 09:49:34,Normal,Normal,0.3966
2025-12-26 09:49:34,Normal,Normal,0.4073
2025-12-26 09:49:34,Normal,Normal,0.4078
2025-12-26 09:49:34,Normal,Normal,0.3958
2025-12-26 09:49:35,Normal,Normal,0.3954
2025-12-26 09:49:35,Normal,Normal,0.4066
2025-12-26 09:49:35,Normal,Normal,0.4063
2025-12-26 09:49:35,Normal,Normal,0.4066
2025-12-26 09:49:35,Normal,Normal,0.3971
2025-12-26 09:49:35,Normal,Normal,0.3889
2025-12-26 09:49:35,Normal,Normal,0.4079
2025-12-26 09:49:36,Normal,Normal,0.4067
2025-12-26 09:49:36,Normal,Normal,0.4066
2025-12-26 09:49:36,Normal,Normal,0.4039
2025-12-26 09:49:36,Normal,Normal,0.3954
2025-12-26 09:49:37,Normal,Normal,0.4075
2025-12-26 09:49:37,Normal,Normal,0.4050
2025-12-26 09:49:37,Normal,Normal,0.3875
2025-12-26 09:49:37,Normal,Normal,0.3958
2025-12-26 09:49:38,Normal,Normal,0.4063
2025-12-26 09:49:38,Normal,Normal,0.4045
2025-12-26 09:49:38,Normal,Normal,0.3977
2025-12-26 09:49:38,Normal,Normal,0.4066
2025-12-26 09:49:38,Normal,Normal,0.4068
2025-12-26 09:49:38,Normal,Normal,0.4066
2025-12-26 09:49:39,Normal,Normal,0.4079
2025-12-26 09:49:39,Normal,Normal,0.4040
2025-12-26 09:49:39,Normal,Normal,0.4079
2025-12-26 09:49:39,Normal,Normal,0.4066
2025-12-26 09:49:40,Normal,Normal,0.4074
2025-12-26 09:49:40,Normal,Normal,0.4074
2025-12-26 09:49:40,Normal,Normal,0.4020
2025-12-26 09:49:40,Normal,Normal,0.4074
2025-12-26 09:49:41,Normal,Normal,0.4074
2025-12-26 09:49:41,Normal,Normal,0.3900
2025-12-26 09:49:41,Normal,Normal,0.3933
2025-12-26 09:49:41,Normal,Normal,0.4020
2025-12-26 09:49:41,Normal,Normal,0.3942
2025-12-26 09:49:41,Normal,Normal,0.3908
2025-12-26 09:49:42,Normal,Normal,0.4074
2025-12-26 09:49:42,Normal,Normal,0.4085
2025-12-26 09:49:42,Normal,Normal,0.3958
2025-12-26 09:49:43,Injection,Normal,0.3954
2025-12-26 09:49:43,Injection,Normal,0.4068
2025-12-26 09:49:43,Injection,Normal,0.3989
2025-12-26 09:49:43,Injection,Normal,0.4066
2025-12-26 09:49:43,Injection,Normal,0.3924
2025-12-26 09:49:43,Injection,Normal,0.3902
2025-12-26 09:49:44,Injection,Normal,0.3780
2025-12-26 09:49:44,Injection,Normal,0.4050
2025-12-26 09:49:44,Injection,Normal,0.3968
2025-12-26 09:49:44,Injection,Normal,0.3989
2025-12-26 09:49:44,Injection,Normal,0.4066
2025-12-26 09:49:44,Injection,Normal,0.3853
2025-12-26 09:49:45,Injection,Normal,0.4020
2025-12-26 09:49:45,Injection,Normal,0.4072
2025-12-26 09:49:45,Injection,Normal,0.4079
2025-12-26 09:49:45,Injection,Normal,0.4041
2025-12-26 09:49:46,Injection,Normal,0.4066
2025-12-26 09:49:46,Injection,Normal,0.3958
2025-12-26 09:49:46,Injection,Normal,0.4040
2025-12-26 09:49:46,Injection,Normal,0.4042
2025-12-26 09:49:47,Injection,Normal,0.4066
2025-12-26 09:49:47,Injection,Normal,0.3872
2025-12-26 09:49:47,Injection,Normal,0.3958
2025-12-26 09:49:47,Injection,Normal,0.4020
2025-12-26 09:49:47,Injection,Normal,0.4079
2025-12-26 09:49:48,Injection,Normal,0.3908
2025-12-26 09:49:48,Injection,Normal,0.4020
2025-12-26 09:49:48,Injection,Normal,0.3977
2025-12-26 09:49:48,Injection,Normal,0.3961
2025-12-26 09:49:48,Injection,Normal,0.4077
2025-12-26 09:49:48,Injection,Normal,0.4045
2025-12-26 09:49:49,Injection,Normal,0.3958
2025-12-26 09:49:49,Injection,Normal,0.3958
2025-12-26 09:49:49,Injection,Normal,0.3954
2025-12-26 09:49:49,Injection,Normal,0.4078
2025-12-26 09:49:50,Injection,Normal,0.4020
2025-12-26 09:49:50,Injection,Normal,0.3875
2025-12-26 09:49:50,Injection,Normal,0.3971
2025-12-26 09:49:50,Injection,Normal,0.3958
2025-12-26 09:49:50,Injection,Normal,0.4060
2025-12-26 09:49:51,Injection,Normal,0.3908
2025-12-26 09:49:51,Injection,Normal,0.4079
2025-12-26 09:49:51,Injection,Normal,0.4072
2025-12-26 09:49:51,Injection,Normal,0.4072
2025-12-26 09:49:52,Injection,Normal,0.3957
2025-12-26 09:49:52,Injection,Normal,0.4068
2025-12-26 09:49:52,Injection,Normal,0.3939
2025-12-26 09:49:52,Injection,Normal,0.4066
2025-12-26 09:49:53,Injection,Normal,0.4038
2025-12-26 09:49:53,Injection,Normal,0.3954
2025-12-26 09:49:53,Injection,Normal,0.4020
2025-12-26 09:49:53,Injection,Normal,0.3928
2025-12-26 09:49:53,Injection,Normal,0.4079
2025-12-26 09:49:53,Injection,Normal,0.3958
2025-12-26 09:49:54,ARP,ARP Spoofing,0.4021
2025-12-26 09:49:54,ARP,ARP Spoofing,0.3879
2025-12-26 09:49:54,ARP,ARP Spoofing,0.3879
2025-12-26 09:49:54,ARP,ARP Spoofing,0.4021
2025-12-26 09:49:55,ARP,ARP Spoofing,0.3888
2025-12-26 09:49:55,ARP,ARP Spoofing,0.3879
2025-12-26 09:49:55,ARP,ARP Spoofing,0.3879
2025-12-26 09:49:55,ARP,ARP Spoofing,0.3888
2025-12-26 09:49:55,ARP,ARP Spoofing,0.3663
2025-12-26 09:49:55,ARP,ARP Spoofing,0.3879
2025-12-26 09:49:55,ARP,ARP Spoofing,0.3879
2025-12-26 09:49:56,ARP,ARP Spoofing,0.3879
2025-12-26 09:49:56,ARP,ARP Spoofing,0.4021
2025-12-26 09:49:56,ARP,ARP Spoofing,0.3879
2025-12-26 09:49:56,ARP,ARP Spoofing,0.3879
2025-12-26 09:49:57,ARP,ARP Spoofing,0.3879
2025-12-26 09:49:57,ARP,ARP Spoofing,0.3849
2025-12-26 09:49:57,ARP,ARP Spoofing,0.3879
2025-12-26 09:49:57,ARP,ARP Spoofing,0.3888
2025-12-26 09:49:58,ARP,ARP Spoofing,0.3888
2025-12-26 09:49:58,ARP,ARP Spoofing,0.3888
2025-12-26 09:49:58,ARP,ARP Spoofing,0.4021
2025-12-26 09:49:58,ARP,ARP Spoofing,0.3879
2025-12-26 09:49:58,ARP,ARP Spoofing,0.3879
2025-12-26 09:49:58,ARP,ARP Spoofing,0.3879
2025-12-26 09:50:00,ARP,ARP Spoofing,0.4021
2025-12-26 09:50:00,ARP,ARP Spoofing,0.3879
2025-12-26 09:50:00,ARP,ARP Spoofing,0.3663
2025-12-26 09:50:00,ARP,ARP Spoofing,0.3879
2025-12-26 09:50:00,ARP,ARP Spoofing,0.4021
2025-12-26 09:50:00,ARP,ARP Spoofing,0.3879
2025-12-26 09:50:00,ARP,ARP Spoofing,0.3879
2025-12-26 09:50:00,ARP,ARP Spoofing,0.4021
2025-12-26 09:50:00,ARP,ARP Spoofing,0.3888
2025-12-26 09:50:01,ARP,ARP Spoofing,0.3879
2025-12-26 09:50:01,ARP,ARP Spoofing,0.4021
2025-12-26 09:50:01,ARP,ARP Spoofing,0.4021
2025-12-26 09:50:01,ARP,ARP Spoofing,0.3849
2025-12-26 09:50:01,ARP,ARP Spoofing,0.4021
2025-12-26 09:50:01,ARP,ARP Spoofing,0.3879
2025-12-26 09:50:02,ARP,ARP Spoofing,0.3879
2025-12-26 09:50:02,ARP,ARP Spoofing,0.4021
2025-12-26 09:50:02,ARP,ARP Spoofing,0.3879
2025-12-26 09:50:02,ARP,ARP Spoofing,0.3663
2025-12-26 09:50:03,ARP,ARP Spoofing,0.3879
2025-12-26 09:50:03,ARP,ARP Spoofing,0.3879
2025-12-26 09:50:03,ARP,ARP Spoofing,0.3879
2025-12-26 09:50:03,ARP,ARP Spoofing,0.3888
2025-12-26 09:50:03,ARP,ARP Spoofing,0.3879
2025-12-26 09:50:03,ARP,ARP Spoofing,0.3849
2025-12-26 09:50:04,ARP,ARP Spoofing,0.4021
2025-12-26 09:50:04,ARP,ARP Spoofing,0.3849
2025-12-26 09:50:04,ARP,ARP Spoofing,0.4021
2025-12-26 09:50:04,ARP,ARP Spoofing,0.3879
2025-12-26 09:50:05,ARP,ARP Spoofing,0.3879
2025-12-26 09:50:05,ARP,ARP Spoofing,0.3879
2025-12-26 09:50:05,ARP,ARP Spoofing,0.3879
2025-12-26 09:50:05,ARP,ARP Spoofing,0.3888
2025-12-26 09:50:05,ARP,ARP Spoofing,0.3879
2025-12-26 09:50:07,Normal,ARP Spoofing,0.3879
2025-12-26 09:50:07,Normal,ARP Spoofing,0.3879
2025-12-26 09:50:07,Normal,Normal,0.3958
2025-12-26 09:50:07,Normal,Normal,0.3885
2025-12-26 09:50:07,Normal,Normal,0.4039
2025-12-26 09:50:07,Normal,Normal,0.4068
2025-12-26 09:50:07,Normal,Normal,0.4074
2025-12-26 09:50:07,Normal,Normal,0.3961
2025-12-26 09:50:07,Normal,Normal,0.4068
2025-12-26 09:50:07,Normal,Normal,0.3902
2025-12-26 09:50:08,Normal,Normal,0.4039
2025-12-26 09:50:08,Normal,Normal,0.3957
2025-12-26 09:50:08,Normal,Normal,0.4046
2025-12-26 09:50:08,Normal,Normal,0.3958
2025-12-26 09:50:09,Normal,Normal,0.4077
2025-12-26 09:50:09,Normal,Normal,0.4066
2025-12-26 09:50:09,Normal,Normal,0.3977
2025-12-26 09:50:09,Normal,Normal,0.3908
2025-12-26 09:50:09,Normal,Normal,0.4020
2025-12-26 09:50:09,Normal,Normal,0.3924
2025-12-26 09:50:10,Normal,Normal,0.4020
2025-12-26 09:50:10,Normal,Normal,0.3971
2025-12-26 09:50:10,Normal,Normal,0.4066
2025-12-26 09:50:10,Normal,Normal,0.3942
2025-12-26 09:50:11,Normal,Normal,0.4077
2025-12-26 09:50:11,Normal,Normal,0.4075
2025-12-26 09:50:11,Normal,Normal,0.4079
2025-12-26 09:50:11,Normal,Normal,0.4066
2025-12-26 09:50:11,Normal,Normal,0.4074
2025-12-26 09:50:12,Normal,Normal,0.3958
2025-12-26 09:50:12,Normal,Normal,0.3872
2025-12-26 09:50:12,Normal,Normal,0.4039
2025-12-26 09:50:12,Normal,Normal,0.4058
2025-12-26 09:50:13,Normal,Normal,0.3942
2025-12-26 09:50:13,Normal,Normal,0.4079
2025-12-26 09:50:13,Normal,Normal,0.3949
2025-12-26 09:50:13,Normal,Normal,0.4068
2025-12-26 09:50:13,Normal,Normal,0.4045
2025-12-26 09:50:13,Normal,Normal,0.3985
2025-12-26 09:50:14,Normal,Normal,0.4079
2025-12-26 09:50:14,Normal,Normal,0.3954
2025-12-26 09:50:14,Normal,Normal,0.4079
2025-12-26 09:50:15,Normal,Normal,0.4071
2025-12-26 09:50:15,Normal,Normal,0.4020
2025-12-26 09:50:15,Normal,Normal,0.4046
2025-12-26 09:50:15,Normal,Normal,0.4066
2025-12-26 09:50:15,Normal,Normal,0.4075
2025-12-26 09:50:15,Normal,Normal,0.3942
2025-12-26 09:50:16,Smurf,Normal,0.4020
2025-12-26 09:50:16,Smurf,Normal,0.4086
2025-12-26 09:50:16,Smurf,Smurf,0.4012
2025-12-26 09:50:16,Smurf,Smurf,0.4012
2025-12-26 09:50:16,Smurf,Smurf,0.4012
2025-12-26 09:50:16,Smurf,Smurf,0.4012
2025-12-26 09:50:17,Smurf,Smurf,0.4012
2025-12-26 09:50:17,Smurf,Smurf,0.4012
2025-12-26 09:50:17,Smurf,Smurf,0.4012
2025-12-26 09:50:18,Smurf,Smurf,0.4012
2025-12-26 09:50:18,Smurf,Smurf,0.4012
2025-12-26 09:50:18,Smurf,Smurf,0.4012
2025-12-26 09:50:18,Smurf,Smurf,0.4012
2025-12-26 09:50:18,Smurf,Smurf,0.4012
2025-12-26 09:50:18,Smurf,Smurf,0.4012
2025-12-26 09:50:19,Smurf,Smurf,0.4012
2025-12-26 09:50:19,Smurf,Smurf,0.4012
2025-12-26 09:50:19,Smurf,Smurf,0.4012
2025-12-26 09:50:19,Smurf,Smurf,0.4012
2025-12-26 09:50:20,Smurf,Smurf,0.4012
2025-12-26 09:50:20,Smurf,Smurf,0.4012
2025-12-26 09:50:20,Smurf,Smurf,0.4012
2025-12-26 09:50:20,Smurf,Smurf,0.4012
2025-12-26 09:50:20,Smurf,Smurf,0.4012
2025-12-26 09:50:21,Smurf,Smurf,0.4012
2025-12-26 09:50:21,Smurf,Smurf,0.4012
2025-12-26 09:50:21,Smurf,Smurf,0.4012
2025-12-26 09:50:21,Smurf,Smurf,0.4012
2025-12-26 09:50:21,Smurf,Smurf,0.4012
2025-12-26 09:50:21,Smurf,Smurf,0.4012
2025-12-26 09:50:22,Smurf,Smurf,0.4012
2025-12-26 09:50:22,Smurf,Smurf,0.4012
2025-12-26 09:50:22,Smurf,Smurf,0.4012
2025-12-26 09:50:22,Smurf,Smurf,0.4012
2025-12-26 09:50:23,Smurf,Smurf,0.4012
2025-12-26 09:50:23,Smurf,Smurf,0.4012
2025-12-26 09:50:23,Smurf,Smurf,0.4012
2025-12-26 09:50:23,Smurf,Smurf,0.4012
2025-12-26 09:50:23,Smurf,Smurf,0.4012
2025-12-26 09:50:24,Smurf,Smurf,0.4012
2025-12-26 09:50:24,Smurf,Smurf,0.4012
2025-12-26 09:50:24,Smurf,Smurf,0.4012
2025-12-26 09:50:24,Smurf,Smurf,0.4012
2025-12-26 09:50:25,Smurf,Smurf,0.4012
2025-12-26 09:50:25,Smurf,Smurf,0.4012
2025-12-26 09:50:25,Smurf,Smurf,0.4012
2025-12-26 09:50:25,Smurf,Smurf,0.4012
2025-12-26 09:50:25,Smurf,Smurf,0.4012
2025-12-26 09:50:26,Smurf,Smurf,0.4012
2025-12-26 09:50:26,Smurf,Smurf,0.4012
2025-12-26 09:50:26,Smurf,Smurf,0.4012
2025-12-26 09:50:26,Smurf,Smurf,0.4012
2025-12-26 09:50:26,Smurf,Smurf,0.4012
2025-12-26 09:50:27,Smurf,Smurf,0.4012
2025-12-26 09:50:27,Smurf,Smurf,0.4012
2025-12-26 09:50:27,Smurf,Smurf,0.4012
2025-12-26 09:50:27,Smurf,Smurf,0.4012
2025-12-26 09:50:27,Smurf,Smurf,0.4012
2025-12-26 09:50:28,RateTamper,Smurf,0.4012
2025-12-26 09:50:28,RateTamper,Smurf,0.4012
2025-12-26 09:50:28,RateTamper,Normal,0.3958
2025-12-26 09:50:28,RateTamper,Normal,0.3958
2025-12-26 09:50:29,RateTamper,Normal,0.4074
2025-12-26 09:50:29,RateTamper,Normal,0.4075
2025-12-26 09:50:29,RateTamper,Normal,0.4068
2025-12-26 09:50:29,RateTamper,Normal,0.4066
2025-12-26 09:50:29,RateTamper,Normal,0.4073
2025-12-26 09:50:30,RateTamper,Normal,0.4078
2025-12-26 09:50:30,RateTamper,Normal,0.3908
2025-12-26 09:50:30,RateTamper,Normal,0.4078
2025-12-26 09:50:30,RateTamper,Normal,0.3958
2025-12-26 09:50:30,RateTamper,Normal,0.4066
2025-12-26 09:50:30,RateTamper,Normal,0.4072
2025-12-26 09:50:31,RateTamper,Normal,0.4072
2025-12-26 09:50:31,RateTamper,Normal,0.3958
2025-12-26 09:50:31,RateTamper,Normal,0.4077
2025-12-26 09:50:31,RateTamper,Normal,0.4020
2025-12-26 09:50:32,RateTamper,Normal,0.4066
2025-12-26 09:50:32,RateTamper,Normal,0.4078
2025-12-26 09:50:32,RateTamper,Normal,0.4086
2025-12-26 09:50:32,RateTamper,Normal,0.4040
2025-12-26 09:50:32,RateTamper,Normal,0.4074
2025-12-26 09:50:32,RateTamper,Normal,0.4078
2025-12-26 09:50:33,RateTamper,Normal,0.4086
2025-12-26 09:50:33,RateTamper,Normal,0.4066
2025-12-26 09:50:33,RateTamper,Normal,0.3908
2025-12-26 09:50:33,RateTamper,Normal,0.3977
2025-12-26 09:50:34,RateTamper,Normal,0.3961
2025-12-26 09:50:34,RateTamper,Normal,0.4075
2025-12-26 09:50:34,RateTamper,Normal,0.4077
2025-12-26 09:50:34,RateTamper,Normal,0.3985
2025-12-26 09:50:35,RateTamper,Normal,0.3966
2025-12-26 09:50:35,RateTamper,Normal,0.4020
2025-12-26 09:50:35,RateTamper,Normal,0.3953
2025-12-26 09:50:35,RateTamper,Normal,0.3989
2025-12-26 09:50:35,RateTamper,Normal,0.3971
2025-12-26 09:50:35,RateTamper,Normal,0.3901
2025-12-26 09:50:36,RateTamper,Normal,0.4066
2025-12-26 09:50:36,RateTamper,Normal,0.4038
2025-12-26 09:50:36,RateTamper,Normal,0.4075
2025-12-26 09:50:36,RateTamper,Normal,0.3958
2025-12-26 09:50:36,RateTamper,Normal,0.4066
2025-12-26 09:50:37,RateTamper,Normal,0.3958
2025-12-26 09:50:37,RateTamper,Normal,0.3853
2025-12-26 09:50:37,RateTamper,Normal,0.3958
2025-12-26 09:50:37,RateTamper,Normal,0.4066
2025-12-26 09:50:38,RateTamper,Normal,0.3928
2025-12-26 09:50:38,RateTamper,Normal,0.3971
2025-12-26 09:50:38,RateTamper,Normal,0.4066
2025-12-26 09:50:38,RateTamper,Normal,0.4039
2025-12-26 09:50:38,RateTamper,Normal,0.4078
2025-12-26 09:50:39,RateTamper,Normal,0.4065
2025-12-26 09:50:39,RateTamper,Normal,0.4066
2025-12-26 09:50:39,RateTamper,Normal,0.4068
2025-12-26 09:50:39,RateTamper,Normal,0.3942
2025-12-26 09:50:39,RateTamper,Normal,0.3985
2025-12-26 09:50:39,RateTamper,Normal,0.3924
2025-12-26 09:50:40,RateTamper,Normal,0.4045
2025-12-26 09:50:40,RateTamper,Normal,0.4066
2025-12-26 09:50:40,RateTamper,Normal,0.3966
2025-12-26 09:50:41,RateTamper,Normal,0.4078
2025-12-26 09:50:41,RateTamper,Normal,0.3935
2025-12-26 09:50:41,RateTamper,Normal,0.4068
2025-12-26 09:50:41,RateTamper,Normal,0.4074
2025-12-26 09:50:41,RateTamper,Normal,0.3985
2025-12-26 09:50:41,RateTamper,Normal,0.3977
2025-12-26 09:50:42,RateTamper,Normal,0.4071
2025-12-26 09:50:42,RateTamper,Normal,0.3958
2025-12-26 09:50:42,RateTamper,Normal,0.3966
2025-12-26 09:50:42,RateTamper,Normal,0.3958
2025-12-26 09:50:43,RateTamper,Normal,0.4079
2025-12-26 09:50:43,RateTamper,Normal,0.4020
2025-12-26 09:55:46,Normal,Normal,0.4020
2025-12-26 09:55:46,Normal,Normal,0.4066
2025-12-26 09:55:46,Normal,Normal,0.3983
2025-12-26 09:55:46,Normal,Normal,0.4066
2025-12-26 09:55:46,Normal,Normal,0.3981
2025-12-26 09:55:48,Normal,Normal,0.3958
2025-12-26 09:55:48,Normal,Normal,0.3989
2025-12-26 09:55:48,Normal,Normal,0.4066
2025-12-26 09:55:48,Normal,Normal,0.3958
2025-12-26 09:55:48,Normal,Normal,0.4079
2025-12-26 09:55:48,Normal,Normal,0.4085
2025-12-26 09:55:48,Normal,Normal,0.4075
2025-12-26 09:55:48,Normal,Normal,0.3977
2025-12-26 09:55:48,Normal,Normal,0.4060
2025-12-26 09:55:49,Normal,Normal,0.3958
2025-12-26 09:55:49,Normal,Normal,0.3958
2025-12-26 09:55:49,Normal,Normal,0.4079
2025-12-26 09:55:49,Normal,Normal,0.4079
2025-12-26 09:55:49,Normal,Normal,0.4079
2025-12-26 09:55:50,Normal,Normal,0.3928
2025-12-26 09:55:50,Normal,Normal,0.4079
2025-12-26 09:55:50,Normal,Normal,0.4073
2025-12-26 09:55:50,Normal,Normal,0.3981
2025-12-26 09:55:51,Normal,Normal,0.4046
2025-12-26 09:55:51,Normal,Normal,0.4060
2025-12-26 09:55:51,Normal,Normal,0.3961
2025-12-26 09:55:51,Normal,Normal,0.3958
2025-12-26 09:55:51,Normal,Normal,0.4072
2025-12-26 09:55:51,Normal,Normal,0.4041
2025-12-26 09:55:52,Normal,Normal,0.4072
2025-12-26 09:55:52,Normal,Normal,0.4077
2025-12-26 09:55:52,Normal,Normal,0.4066
2025-12-26 09:55:52,Normal,Normal,0.4066
2025-12-26 09:55:53,Normal,Normal,0.4066
2025-12-26 09:55:53,Normal,Normal,0.3884
2025-12-26 09:55:53,Normal,Normal,0.4079
2025-12-26 09:55:53,Normal,Normal,0.4066
2025-12-26 09:55:53,Normal,Normal,0.4077
2025-12-26 09:55:53,Normal,Normal,0.4020
2025-12-26 09:55:54,Normal,Normal,0.4077
2025-12-26 09:55:54,Normal,Normal,0.4075
2025-12-26 09:55:54,Normal,Normal,0.4086
2025-12-26 09:55:55,Normal,Normal,0.4079
2025-12-26 09:55:55,Normal,Normal,0.4075
2025-12-26 09:55:55,Normal,Normal,0.4086
2025-12-26 09:55:55,Normal,Normal,0.3775
2025-12-26 09:55:55,Normal,Normal,0.4066
2025-12-26 09:55:55,Normal,Normal,0.4020
2025-12-26 09:55:56,Normal,Normal,0.4068
2025-12-26 09:55:56,Normal,Normal,0.3958
2025-12-26 09:55:56,Normal,Normal,0.3958
2025-12-26 09:55:56,Normal,Normal,0.3966
2025-12-26 09:55:57,Normal,Normal,0.4020
2025-12-26 09:55:57,Normal,Normal,0.4066
2025-12-26 09:55:57,Normal,Normal,0.4063
2025-12-26 09:55:57,Normal,Normal,0.4065
2025-12-26 09:55:57,Normal,Normal,0.3901
2025-12-26 09:55:57,Normal,Normal,0.3981
2025-12-26 09:55:58,Normal,Normal,0.4066
2025-12-26 09:55:58,Normal,Normal,0.4075
2025-12-26 09:55:58,Normal,Normal,0.3977
2025-12-26 09:55:58,Normal,Normal,0.4054
2025-12-26 09:55:59,Normal,Normal,0.4072
2025-12-26 09:55:59,Normal,Normal,0.3889
2025-12-26 09:55:59,Normal,Normal,0.4066
2025-12-26 09:55:59,Normal,Normal,0.4020
2025-12-26 09:55:59,Normal,Normal,0.3901
2025-12-26 09:55:59,Normal,Normal,0.3989
2025-12-26 09:56:00,Normal,Normal,0.4020
2025-12-26 09:56:00,Normal,Normal,0.4074
2025-12-26 09:56:00,Normal,Normal,0.3977
2025-12-26 09:56:00,Normal,Normal,0.4020
2025-12-26 09:56:02,Scan,Normal,0.4020
2025-12-26 09:56:02,Scan,Normal,0.3985
2025-12-26 09:56:02,Scan,Port Scan,0.3903
2025-12-26 09:56:02,Scan,Port Scan,0.3903
2025-12-26 09:56:02,Scan,Port Scan,0.3949
2025-12-26 09:56:02,Scan,Port Scan,0.3949
2025-12-26 09:56:02,Scan,Port Scan,0.3938
2025-12-26 09:56:02,Scan,Port Scan,0.3983
2025-12-26 09:56:02,Scan,Port Scan,0.3938
2025-12-26 09:56:02,Scan,Port Scan,0.3748
2025-12-26 09:56:03,Scan,Port Scan,0.3986
2025-12-26 09:56:03,Scan,Port Scan,0.3947
2025-12-26 09:56:03,Scan,Port Scan,0.4020
2025-12-26 09:56:03,Scan,Port Scan,0.3947
2025-12-26 09:56:04,Scan,Port Scan,0.4020
2025-12-26 09:56:04,Scan,Port Scan,0.3903
2025-12-26 09:56:04,Scan,Port Scan,0.4023
2025-12-26 09:56:04,Scan,Port Scan,0.3986
2025-12-26 09:56:04,Scan,Port Scan,0.3949
2025-12-26 09:56:05,Scan,Port Scan,0.3986
2025-12-26 09:56:05,Scan,Port Scan,0.3939
2025-12-26 09:56:05,Scan,Port Scan,0.3939
2025-12-26 09:56:05,Scan,Port Scan,0.3983
2025-12-26 09:56:05,Scan,Port Scan,0.3983
2025-12-26 09:56:05,Scan,Port Scan,0.3983
2025-12-26 09:56:06,Scan,Port Scan,0.3983
2025-12-26 09:56:06,Scan,Port Scan,0.4020
2025-12-26 09:56:06,Scan,Port Scan,0.3949
2025-12-26 09:56:06,Scan,Port Scan,0.3983
2025-12-26 09:56:07,Scan,Port Scan,0.3986
2025-12-26 09:56:07,Scan,Port Scan,0.3974
2025-12-26 09:56:07,Scan,Port Scan,0.3949
2025-12-26 09:56:07,Scan,Port Scan,0.3947
2025-12-26 09:56:08,Scan,Port Scan,0.3986
2025-12-26 09:56:08,Scan,Port Scan,0.3903
2025-12-26 09:56:08,Scan,Port Scan,0.3983
2025-12-26 09:56:08,Scan,Port Scan,0.3947
2025-12-26 09:56:08,Scan,Port Scan,0.3980
2025-12-26 09:56:08,Scan,Port Scan,0.3986
2025-12-26 09:56:09,Scan,Port Scan,0.3939
2025-12-26 09:56:09,Scan,Port Scan,0.3949
2025-12-26 09:56:09,Scan,Port Scan,0.3974
2025-12-26 09:56:09,Scan,Port Scan,0.3974
2025-12-26 09:56:10,Scan,Port Scan,0.4023
2025-12-26 09:56:10,Scan,Port Scan,0.4020
2025-12-26 09:56:10,Scan,Port Scan,0.3986
2025-12-26 09:56:10,Scan,Port Scan,0.4020
2025-12-26 09:56:10,Scan,Port Scan,0.3974
2025-12-26 09:56:11,Scan,Port Scan,0.3974
2025-12-26 09:56:11,Scan,Port Scan,0.3168
2025-12-26 09:56:11,Scan,Port Scan,0.3983
2025-12-26 09:56:11,Scan,Port Scan,0.3947
2025-12-26 09:56:11,Scan,Port Scan,0.3983
2025-12-26 09:56:11,Scan,Port Scan,0.3949
2025-12-26 09:56:12,Scan,Port Scan,0.3168
2025-12-26 09:56:12,Scan,Port Scan,0.3986
2025-12-26 09:56:12,Scan,Port Scan,0.3947
2025-12-26 09:56:12,Scan,Port Scan,0.3983
2025-12-26 09:56:13,Scan,Port Scan,0.3983
2025-12-26 09:56:13,Scan,Port Scan,0.4023
2025-12-26 09:56:13,Scan,Port Scan,0.3947
2025-12-26 09:56:13,Scan,Port Scan,0.3986
2025-12-26 09:56:13,Scan,Port Scan,0.4020
2025-12-26 09:56:14,Scan,Port Scan,0.3939
2025-12-26 09:56:14,Scan,Port Scan,0.3983
2025-12-26 09:56:14,Scan,Port Scan,0.3939
2025-12-26 09:56:14,Scan,Port Scan,0.3983
2025-12-26 09:56:14,Scan,Port Scan,0.3986
2025-12-26 09:56:14,Scan,Port Scan,0.3947
2025-12-26 09:56:15,Scan,Port Scan,0.3748
2025-12-26 09:56:15,Scan,Port Scan,0.3986
2025-12-26 09:56:15,Scan,Port Scan,0.3974
2025-12-26 09:56:16,Scan,Port Scan,0.3939
2025-12-26 09:56:17,Injection,Port Scan,0.3983
2025-12-26 09:56:17,Injection,Port Scan,0.3983
2025-12-26 09:56:17,Injection,Normal,0.3876
2025-12-26 09:56:17,Injection,Normal,0.3908
2025-12-26 09:56:17,Injection,Normal,0.4066
2025-12-26 09:56:17,Injection,Normal,0.3780
2025-12-26 09:56:17,Injection,Normal,0.3870
2025-12-26 09:56:17,Injection,Normal,0.3966
2025-12-26 09:56:17,Injection,Normal,0.4079
2025-12-26 09:56:17,Injection,Normal,0.4072
2025-12-26 09:56:18,Injection,Normal,0.4078
2025-12-26 09:56:18,Injection,Normal,0.3977
2025-12-26 09:56:18,Injection,Normal,0.3971
2025-12-26 09:56:18,Injection,Normal,0.4066
2025-12-26 09:56:19,Injection,Normal,0.4066
2025-12-26 09:56:19,Injection,Normal,0.4067
2025-12-26 09:56:19,Injection,Normal,0.3957
2025-12-26 09:56:19,Injection,Normal,0.3970
2025-12-26 09:56:19,Injection,Normal,0.4066
2025-12-26 09:56:19,Injection,Normal,0.4045
2025-12-26 09:56:20,Injection,Normal,0.4074
2025-12-26 09:56:20,Injection,Normal,0.4020
2025-12-26 09:56:20,Injection,Normal,0.3958
2025-12-26 09:56:20,Injection,Normal,0.3881
2025-12-26 09:56:21,Injection,Normal,0.4056
2025-12-26 09:56:21,Injection,Normal,0.3958
2025-12-26 09:56:21,Injection,Normal,0.3872
2025-12-26 09:56:21,Injection,Normal,0.4020
2025-12-26 09:56:21,Injection,Normal,0.4045
2025-12-26 09:56:22,Injection,Normal,0.3961
2025-12-26 09:56:22,Injection,Normal,0.4066
2025-12-26 09:56:22,Injection,Normal,0.3901
2025-12-26 09:56:22,Injection,Normal,0.3941
2025-12-26 09:56:23,Injection,Normal,0.4066
2025-12-26 09:56:23,Injection,Normal,0.4066
2025-12-26 09:56:23,Injection,Normal,0.4075
2025-12-26 09:56:23,Injection,Normal,0.4038
2025-12-26 09:56:23,Injection,Normal,0.3979
2025-12-26 09:56:23,Injection,Normal,0.3961
2025-12-26 09:56:24,Injection,Normal,0.4079
2025-12-26 09:56:24,Injection,Normal,0.4020
2025-12-26 09:56:24,Injection,Normal,0.3966
2025-12-26 09:56:24,Injection,Normal,0.4078
2025-12-26 09:56:25,Injection,Normal,0.4020
2025-12-26 09:56:25,Injection,Normal,0.3971
2025-12-26 09:56:25,Injection,Normal,0.4077
2025-12-26 09:56:25,Injection,Normal,0.4040
2025-12-26 09:56:25,Injection,Normal,0.4045
2025-12-26 09:56:25,Injection,Normal,0.4020
2025-12-26 09:56:26,Injection,Normal,0.3954
2025-12-26 09:56:26,Injection,Normal,0.3938
2025-12-26 09:56:26,Injection,Normal,0.4079
2025-12-26 09:56:26,Injection,Normal,0.3953
2025-12-26 09:56:27,Injection,Normal,0.3958
2025-12-26 09:56:27,Injection,Normal,0.4074
2025-12-26 09:56:27,Injection,Normal,0.4074
2025-12-26 09:56:27,Injection,Normal,0.3865
2025-12-26 09:56:27,Injection,Normal,0.4079
2025-12-26 09:56:27,Injection,Normal,0.4045
2025-12-26 09:56:28,Injection,Normal,0.4065
2025-12-26 09:56:28,Injection,Normal,0.4074
2025-12-26 09:56:29,Smurf,Normal,0.3958
2025-12-26 09:56:29,Smurf,Normal,0.4020
2025-12-26 09:56:29,Smurf,Normal,0.3935
2025-12-26 09:56:29,Smurf,Smurf,0.4012
2025-12-26 09:56:29,Smurf,Smurf,0.4012
2025-12-26 09:56:29,Smurf,Smurf,0.4012
2025-12-26 09:56:29,Smurf,Smurf,0.4012
2025-12-26 09:56:30,Smurf,Smurf,0.4012
2025-12-26 09:56:30,Smurf,Smurf,0.4012
2025-12-26 09:56:30,Smurf,Smurf,0.4012
2025-12-26 09:56:31,Smurf,Smurf,0.4012
2025-12-26 09:56:31,Smurf,Smurf,0.4012
2025-12-26 09:56:31,Smurf,Smurf,0.4012
2025-12-26 09:56:31,Smurf,Smurf,0.4012
2025-12-26 09:56:31,Smurf,Smurf,0.4012
2025-12-26 09:56:31,Smurf,Smurf,0.4012
2025-12-26 09:56:32,Smurf,Smurf,0.4012
2025-12-26 09:56:32,Smurf,Smurf,0.4012
2025-12-26 09:56:32,Smurf,Smurf,0.4012
2025-12-26 09:56:32,Smurf,Smurf,0.4012
2025-12-26 09:56:33,Smurf,Smurf,0.4012
2025-12-26 09:56:33,Smurf,Smurf,0.4012
2025-12-26 09:56:33,Smurf,Smurf,0.4012
2025-12-26 09:56:33,Smurf,Smurf,0.4012
2025-12-26 09:56:33,Smurf,Smurf,0.4012
2025-12-26 09:56:33,Smurf,Smurf,0.4012
2025-12-26 09:56:34,Smurf,Smurf,0.4012
2025-12-26 09:56:34,Smurf,Smurf,0.4012
2025-12-26 09:56:34,Smurf,Smurf,0.4012
2025-12-26 09:56:35,Smurf,Smurf,0.4012
2025-12-26 09:56:35,Smurf,Smurf,0.4012
2025-12-26 09:56:35,Smurf,Smurf,0.4012
2025-12-26 09:56:35,Smurf,Smurf,0.4012
2025-12-26 09:56:35,Smurf,Smurf,0.4012
2025-12-26 09:56:35,Smurf,Smurf,0.4012
2025-12-26 09:56:36,Smurf,Smurf,0.4012
2025-12-26 09:56:36,Smurf,Smurf,0.4012
2025-12-26 09:56:36,Smurf,Smurf,0.4012
2025-12-26 09:56:36,Smurf,Smurf,0.4012
2025-12-26 09:56:37,Smurf,Smurf,0.4012
2025-12-26 09:56:37,Smurf,Smurf,0.4012
2025-12-26 09:56:37,Smurf,Smurf,0.4012
2025-12-26 09:56:37,Smurf,Smurf,0.4012
2025-12-26 09:56:37,Smurf,Smurf,0.4012
2025-12-26 09:56:37,Smurf,Smurf,0.4012
2025-12-26 09:56:38,Smurf,Smurf,0.4012
2025-12-26 09:56:38,Smurf,Smurf,0.4012
2025-12-26 09:56:38,Smurf,Smurf,0.4012
2025-12-26 09:56:38,Smurf,Smurf,0.4012
2025-12-26 09:56:38,Smurf,Smurf,0.4012
2025-12-26 09:56:39,Smurf,Smurf,0.4012
2025-12-26 09:56:39,Smurf,Smurf,0.4012
2025-12-26 09:56:39,Smurf,Smurf,0.4012
2025-12-26 09:56:39,Smurf,Smurf,0.4012
2025-12-26 09:56:39,Smurf,Smurf,0.4012
2025-12-26 09:56:40,Smurf,Smurf,0.4012
2025-12-26 09:56:40,Smurf,Smurf,0.4012
2025-12-26 09:56:40,Smurf,Smurf,0.4012
2025-12-26 09:56:40,Smurf,Smurf,0.4012
2025-12-26 09:56:41,Smurf,Smurf,0.4012
2025-12-26 09:56:41,Smurf,Smurf,0.4012
2025-12-26 09:56:41,Smurf,Smurf,0.4012
2025-12-26 09:56:41,Smurf,Smurf,0.4012
2025-12-26 09:56:41,Smurf,Smurf,0.4012
2025-12-26 09:56:41,Smurf,Smurf,0.4012
2025-12-26 09:56:42,Smurf,Smurf,0.4012
2025-12-26 09:56:42,Smurf,Smurf,0.4012
2025-12-26 09:56:42,Smurf,Smurf,0.4012
2025-12-26 09:56:43,Smurf,Smurf,0.4012
2025-12-26 09:56:43,Smurf,Smurf,0.4012
2025-12-26 09:56:43,Smurf,Smurf,0.4012
2025-12-26 09:56:43,Smurf,Smurf,0.4012
2025-12-26 09:56:43,Smurf,Smurf,0.4012
2025-12-26 09:56:43,Smurf,Smurf,0.4012
2025-12-26 09:56:44,Smurf,Smurf,0.4012
2025-12-26 09:56:44,Smurf,Smurf,0.4012
2025-12-26 09:56:44,Smurf,Smurf,0.4012
2025-12-26 09:56:44,Smurf,Smurf,0.4012
2025-12-26 09:56:45,Smurf,Smurf,0.4012
2025-12-26 09:56:45,Smurf,Smurf,0.4012
2025-12-26 09:56:45,Smurf,Smurf,0.4012
2025-12-26 09:56:45,Smurf,Smurf,0.4012
2025-12-26 09:56:45,Smurf,Smurf,0.4012
2025-12-26 09:56:45,Smurf,Smurf,0.4012
2025-12-26 09:56:46,Smurf,Smurf,0.4012
2025-12-26 09:56:46,Smurf,Smurf,0.4012
2025-12-26 09:56:46,Smurf,Smurf,0.4012
2025-12-26 09:56:46,Smurf,Smurf,0.4012
2025-12-26 09:56:47,Smurf,Smurf,0.4012
2025-12-26 09:56:47,Smurf,Smurf,0.4012
2025-12-26 09:56:47,Smurf,Smurf,0.4012
2025-12-26 09:56:47,Smurf,Smurf,0.4012
2025-12-26 09:56:47,Smurf,Smurf,0.4012
2025-12-26 09:56:47,Smurf,Smurf,0.4012
2025-12-26 09:56:48,Smurf,Smurf,0.4012
2025-12-26 09:56:48,Smurf,Smurf,0.4012
2025-12-26 09:56:48,Smurf,Smurf,0.4012
2025-12-26 09:56:48,Smurf,Smurf,0.4012
2025-12-26 09:56:49,Smurf,Smurf,0.4012
2025-12-26 09:56:49,Smurf,Smurf,0.4012
2025-12-26 09:56:49,Smurf,Smurf,0.4012
2025-12-26 09:56:49,Smurf,Smurf,0.4012
2025-12-26 09:56:50,Smurf,Smurf,0.4012
2025-12-26 09:56:50,Smurf,Smurf,0.4012
2025-12-26 09:56:50,Smurf,Smurf,0.4012
2025-12-26 09:56:50,Smurf,Smurf,0.4012
2025-12-26 09:56:50,Smurf,Smurf,0.4012
2025-12-26 09:56:50,Smurf,Smurf,0.4012
2025-12-26 09:56:51,Smurf,Smurf,0.4012
2025-12-26 09:56:51,Smurf,Smurf,0.4012
2025-12-26 09:56:51,Smurf,Smurf,0.4012
2025-12-26 09:56:51,Smurf,Smurf,0.4012
2025-12-26 09:56:51,Smurf,Smurf,0.4012
2025-12-26 09:56:52,Smurf,Smurf,0.4012
2025-12-26 09:56:52,Smurf,Smurf,0.4012
2025-12-26 09:56:52,Smurf,Smurf,0.4012
2025-12-26 09:56:52,Smurf,Smurf,0.4012
2025-12-26 09:56:53,Smurf,Smurf,0.4012
2025-12-26 09:56:53,Smurf,Smurf,0.4012
2025-12-26 09:56:53,Smurf,Smurf,0.4012
2025-12-26 09:56:53,Smurf,Smurf,0.4012
2025-12-26 09:56:53,Smurf,Smurf,0.4012
2025-12-26 09:56:53,Smurf,Smurf,0.4012
2025-12-26 09:56:54,Smurf,Smurf,0.4012
2025-12-26 09:56:54,Smurf,Smurf,0.4012
2025-12-26 09:56:54,Smurf,Smurf,0.4012
2025-12-26 09:56:54,Smurf,Smurf,0.4012
2025-12-26 09:56:55,Smurf,Smurf,0.4012
2025-12-26 09:56:55,Smurf,Smurf,0.4012
2025-12-26 09:56:55,Smurf,Smurf,0.4012
2025-12-26 09:56:55,Smurf,Smurf,0.4012
2025-12-26 09:56:55,Smurf,Smurf,0.4012
2025-12-26 09:56:55,Smurf,Smurf,0.4012
2025-12-26 09:56:56,Smurf,Smurf,0.4012
2025-12-26 09:56:56,Smurf,Smurf,0.4012
2025-12-26 09:56:56,Smurf,Smurf,0.4012
2025-12-26 09:56:56,Smurf,Smurf,0.4012
2025-12-26 09:56:57,Smurf,Smurf,0.4012
2025-12-26 09:56:57,Smurf,Smurf,0.4012
2025-12-26 09:56:57,Smurf,Smurf,0.4012
2025-12-26 09:56:57,Smurf,Smurf,0.4012
2025-12-26 09:56:57,Smurf,Smurf,0.4012
2025-12-26 09:56:57,Smurf,Smurf,0.4012
2025-12-26 09:56:58,Smurf,Smurf,0.4012
2025-12-26 09:56:58,Smurf,Smurf,0.4012
2025-12-26 09:56:58,Smurf,Smurf,0.4012
2025-12-26 09:56:59,Normal,Smurf,0.4012
2025-12-26 09:56:59,Normal,Smurf,0.4012
2025-12-26 09:56:59,Normal,Normal,0.4073
2025-12-26 09:56:59,Normal,Normal,0.3954
2025-12-26 09:56:59,Normal,Normal,0.4066
2025-12-26 09:57:00,Normal,Normal,0.4060
2025-12-26 09:57:00,Normal,Normal,0.4085
2025-12-26 09:57:00,Normal,Normal,0.4066
2025-12-26 09:57:00,Normal,Normal,0.4063
2025-12-26 09:57:00,Normal,Normal,0.3966
2025-12-26 09:57:01,Normal,Normal,0.4068
2025-12-26 09:57:01,Normal,Normal,0.4066
2025-12-26 09:57:01,Normal,Normal,0.4065
2025-12-26 09:57:01,Normal,Normal,0.4074
2025-12-26 09:57:01,Normal,Normal,0.4066
2025-12-26 09:57:01,Normal,Normal,0.4020
2025-12-26 09:57:02,Normal,Normal,0.3966
2025-12-26 09:57:02,Normal,Normal,0.4066
2025-12-26 09:57:02,Normal,Normal,0.4063
2025-12-26 09:57:03,Normal,Normal,0.3908
2025-12-26 09:57:03,Normal,Normal,0.3901
2025-12-26 09:57:03,Normal,Normal,0.3941
2025-12-26 09:57:03,Normal,Normal,0.3908
2025-12-26 09:57:03,Normal,Normal,0.4075
2025-12-26 09:57:03,Normal,Normal,0.4074
2025-12-26 09:57:04,Normal,Normal,0.4040
2025-12-26 09:57:04,Normal,Normal,0.4071
2025-12-26 09:57:04,Normal,Normal,0.3961
2025-12-26 09:57:04,Normal,Normal,0.3954
2025-12-26 09:57:05,Normal,Normal,0.4066
2025-12-26 09:57:05,Normal,Normal,0.4066
2025-12-26 09:57:05,Normal,Normal,0.4054
2025-12-26 09:57:05,Normal,Normal,0.4056
2025-12-26 09:57:05,Normal,Normal,0.3957
2025-12-26 09:57:05,Normal,Normal,0.4046
2025-12-26 09:57:06,Normal,Normal,0.4072
2025-12-26 09:57:06,Normal,Normal,0.4085
2025-12-26 09:57:06,Normal,Normal,0.4068
2025-12-26 09:57:07,Normal,Normal,0.3966
2025-12-26 09:57:07,Normal,Normal,0.4077
2025-12-26 09:57:07,Normal,Normal,0.4066
2025-12-26 09:57:07,Normal,Normal,0.3958
2025-12-26 09:57:07,Normal,Normal,0.3875
2025-12-26 09:57:07,Normal,Normal,0.4079
2025-12-26 09:57:08,Normal,Normal,0.3939
2025-12-26 09:57:08,Normal,Normal,0.4078
2025-12-26 09:57:08,Normal,Normal,0.4066
2025-12-26 09:57:08,Normal,Normal,0.4072
2025-12-26 09:57:08,Normal,Normal,0.3966
2025-12-26 09:57:08,Normal,Normal,0.3961
2025-12-26 09:57:09,Normal,Normal,0.4078
2025-12-26 09:57:09,Normal,Normal,0.4040
2025-12-26 09:57:09,Normal,Normal,0.4040
2025-12-26 09:57:09,Normal,Normal,0.3958
2025-12-26 09:57:10,Normal,Normal,0.3938
2025-12-26 09:57:10,Normal,Normal,0.3958
2025-12-26 09:57:10,Normal,Normal,0.4020
2025-12-26 09:57:10,Normal,Normal,0.3958
2025-12-26 09:57:11,Normal,Normal,0.3900
2025-12-26 09:57:11,Normal,Normal,0.3958
2025-12-26 09:57:11,Normal,Normal,0.4066
2025-12-26 09:57:11,Normal,Normal,0.4039
2025-12-26 09:57:11,Normal,Normal,0.3989
2025-12-26 09:57:11,Normal,Normal,0.4056
2025-12-26 09:57:12,Normal,Normal,0.4066
2025-12-26 09:57:12,Normal,Normal,0.4071
2025-12-26 09:57:12,Normal,Normal,0.3875
2025-12-26 09:57:12,Normal,Normal,0.4086
2025-12-26 09:57:13,Normal,Normal,0.3901
2025-12-26 09:57:13,Normal,Normal,0.4050
2025-12-26 09:57:13,Normal,Normal,0.3908
2025-12-26 09:57:13,Normal,Normal,0.4066
2025-12-26 09:57:14,Normal,Normal,0.4074
2025-12-26 09:57:14,Normal,Normal,0.4079
2025-12-26 09:57:14,Normal,Normal,0.4066
2025-12-26 09:57:14,Normal,Normal,0.4020
2025-12-26 09:57:14,Normal,Normal,0.4066
2025-12-26 09:57:14,Normal,Normal,0.4078
2025-12-26 09:57:15,Normal,Normal,0.4072
2025-12-26 09:57:15,Normal,Normal,0.4078
2025-12-26 09:57:15,Normal,Normal,0.3901
2025-12-26 09:57:15,Normal,Normal,0.3966
2025-12-26 09:57:16,Normal,Normal,0.4086
2025-12-26 09:57:16,Normal,Normal,0.3876
